<?xml version="1.0" encoding="UTF-8"?>
<project-private xmlns="http://www.netbeans.org/ns/project-private/1">
    <editor-bookmarks xmlns="http://www.netbeans.org/ns/editor-bookmarks/2" lastBookmarkId="0"/>
    <open-files xmlns="http://www.netbeans.org/ns/projectui-open-files/2">
        <group>
            <file>file:/E:/netbeans/uks/uangkas/src/form/register.java</file>
            <file>file:/E:/netbeans/uks/uangkas/src/form/input.java</file>
            <file>file:/E:/netbeans/uks/uangkas/src/form/login.java</file>
            <file>file:/E:/netbeans/uks/uangkas/src/form/uang_kas.java</file>
            <file>file:/E:/netbeans/uks/uangkas/src/form/cherry.jpg</file>
            <file>file:/E:/netbeans/uks/uangkas/src/form/dashboard.java</file>
            <file>file:/E:/netbeans/uks/uangkas/src/koneksiDB/koneksi.java</file>
        </group>
    </open-files>
</project-private>
